# profile: harness. For work whose product is instructions, commands, configuration or documents.
# Format and the validator and rule library: commands/_shared/architecture-spec.md. The starting text is harness.md beside this file.
# section	kind	columns	rules
# @review	one plain sentence a person confirms before approving (shown on the human page)
@review	Does each file have one purpose, and is any file doing two jobs?
@review	Is anything loaded every time that could load only when needed?
@review	Do the size budgets fit what each file must hold?
@review	Is each rule stated once and referenced elsewhere, not repeated?
@review	Is anything hardcoded that should be a setting or a data file, and the reverse?
File tree	fence:any
Files	table	path:nonempty new:enum(yes|no) purpose:nonempty loaded:enum(always|on-demand|never-by-agent)	path-exists-unless-new
Data flow	fence:mermaid
Interfaces	table	interface:nonempty method:nonempty params:any returns:nonempty throws:any layer:nonempty	params-typed
Load order	table	trigger:nonempty loads:nonempty tokens-max:int(0-10000000)
Reuse map	table	need:nonempty existing_symbol:any decision:enum(reuse|extend|new) reason:any	reuse-decision
Size budgets	table	path:nonempty max_lines:int(1-100000) max_method_lines?:int(1-100000)
Config points	table,na	key:nonempty file:nonempty default:nonempty
